"username","email","password","sex","lsn"
"kolya","kolya@mail.com","kolya1q","male","agree","kolya2wsdcacsacsachbsacbhsabcjsabcshcbsajhcbsjacbs"
"AdADad","DAD@asdsa.sad","ada","male","agree","sadsadsadsadasdasdasdasdasdsadasdasdsdADAdaDAdADAd"
"sergey","ser@mail.com","ser1q","male","agree","sad3wfsedsac"
"lol","lol@mail.com","lol1q","female","not agree","sadsa3qdasc"
"James","connect@top.com","laptop123","male","not agree","I like play football every day!"
"dgsd","fdsfs@dsf.ddsg","Ð°Ð¿Ð²Ð° Ð²Ð°Ð¿Ð°Ð²Ð²","male","agree","sdfg"
"dgfh","gf@esr.dfg","sdf    dfhg","male","agree","fghj"
"Sharlatan","shar@la.tan","123aAa321","female","not agree","wr3vqsar3w5weg5tr5gwtvwetzewtrgzewr4btzwtzw3twtbwt"
"www","www@www.www","www","male","agree","WWWWWWWWWWWWWWWWWWWWWWWWWWWWWWWW"
"sdxcb","asdf@sdf.asfd","asfd","male","agree","sfdg"
